run_kind,seed,ir_drop,input_bits,weight_noise,run_key,checkpoint_path,checkpoint_label,nll,ppl,tokens,float_ppl,identity_ppl,rotated_ppl,improvement_ratio,hardware_preset,analog_targets,online_hadamards,json_path
identity,,0.0,-1,0.0,analog_identity,,,2.616328228265047,13.685381622116248,8128,13.684835003821114,13.685381622116248,,,ir_drop_only+grid_overrides,"q_proj,k_proj,v_proj,o_proj,up_proj,gate_proj,down_proj,lm_head",False,results/high_ir/ir0_bitsm1_wnoise0_identity.json
hadamard_D,1,0.0,-1,0.0,analog_rotated,,,2.616312760859728,13.685169946408791,8128,13.684835003821114,13.685381622116248,13.685169946408791,1.0000154675249402,ir_drop_only+grid_overrides,"q_proj,k_proj,v_proj,o_proj,up_proj,gate_proj,down_proj,lm_head",False,results/high_ir/ir0_bitsm1_wnoise0_seed1.json
checkpoint,,0.0,-1,0.0,analog_rotated,checkpoints/large_ir_8_bit.pt,ckpt0_large_ir_8_bit,2.6162923853844404,13.684891107407491,8128,13.684835003821114,13.685381622116248,13.684891107407491,1.0000358435229704,ir_drop_only+grid_overrides,"q_proj,k_proj,v_proj,o_proj,up_proj,gate_proj,down_proj,lm_head",False,results/high_ir/ir0_bitsm1_wnoise0_ckpt0_large_ir_8_bit.json
identity,,0.0,10,0.0,analog_identity,,,2.6254854425787926,13.811277140977339,8128,13.684835003821114,13.811277140977339,,,ir_drop_only+grid_overrides,"q_proj,k_proj,v_proj,o_proj,up_proj,gate_proj,down_proj,lm_head",False,results/high_ir/ir0_bits10_wnoise0_identity.json
hadamard_D,1,0.0,10,0.0,analog_rotated,,,2.6221768632531166,13.765656945601012,8128,13.684835003821114,13.811277140977339,13.765656945601012,1.0033140587155853,ir_drop_only+grid_overrides,"q_proj,k_proj,v_proj,o_proj,up_proj,gate_proj,down_proj,lm_head",False,results/high_ir/ir0_bits10_wnoise0_seed1.json
checkpoint,,0.0,10,0.0,analog_rotated,checkpoints/large_ir_8_bit.pt,ckpt0_large_ir_8_bit,2.624596817418933,13.799009544074966,8128,13.684835003821114,13.811277140977339,13.799009544074966,1.000889020104174,ir_drop_only+grid_overrides,"q_proj,k_proj,v_proj,o_proj,up_proj,gate_proj,down_proj,lm_head",False,results/high_ir/ir0_bits10_wnoise0_ckpt0_large_ir_8_bit.json
identity,,0.0,8,0.0,analog_identity,,,3.004089377820492,20.167842446885928,8128,13.684835003821114,20.167842446885928,,,ir_drop_only+grid_overrides,"q_proj,k_proj,v_proj,o_proj,up_proj,gate_proj,down_proj,lm_head",False,results/high_ir/ir0_bits8_wnoise0_identity.json
hadamard_D,1,0.0,8,0.0,analog_rotated,,,2.631885789334774,13.899957593918664,8128,13.684835003821114,20.167842446885928,13.899957593918664,1.4509283435303075,ir_drop_only+grid_overrides,"q_proj,k_proj,v_proj,o_proj,up_proj,gate_proj,down_proj,lm_head",False,results/high_ir/ir0_bits8_wnoise0_seed1.json
checkpoint,,0.0,8,0.0,analog_rotated,checkpoints/large_ir_8_bit.pt,ckpt0_large_ir_8_bit,2.652269933372736,14.186203862694853,8128,13.684835003821114,20.167842446885928,14.186203862694853,1.4216518134157692,ir_drop_only+grid_overrides,"q_proj,k_proj,v_proj,o_proj,up_proj,gate_proj,down_proj,lm_head",False,results/high_ir/ir0_bits8_wnoise0_ckpt0_large_ir_8_bit.json
identity,,0.0,6,0.0,analog_identity,,,3.1105251163244247,22.432821148982583,8128,13.684835003821114,22.432821148982583,,,ir_drop_only+grid_overrides,"q_proj,k_proj,v_proj,o_proj,up_proj,gate_proj,down_proj,lm_head",False,results/high_ir/ir0_bits6_wnoise0_identity.json
hadamard_D,1,0.0,6,0.0,analog_rotated,,,2.7086023930460215,15.008285166447731,8128,13.684835003821114,22.432821148982583,15.008285166447731,1.494695823020009,ir_drop_only+grid_overrides,"q_proj,k_proj,v_proj,o_proj,up_proj,gate_proj,down_proj,lm_head",False,results/high_ir/ir0_bits6_wnoise0_seed1.json
checkpoint,,0.0,6,0.0,analog_rotated,checkpoints/large_ir_8_bit.pt,ckpt0_large_ir_8_bit,4.510081961750984,90.92927092737973,8128,13.684835003821114,22.432821148982583,90.92927092737973,0.24670626873164372,ir_drop_only+grid_overrides,"q_proj,k_proj,v_proj,o_proj,up_proj,gate_proj,down_proj,lm_head",False,results/high_ir/ir0_bits6_wnoise0_ckpt0_large_ir_8_bit.json
identity,,1.0,-1,0.0,analog_identity,,,2.617097597569227,13.695914786079236,8128,13.684835003821114,13.695914786079236,,,ir_drop_only+grid_overrides,"q_proj,k_proj,v_proj,o_proj,up_proj,gate_proj,down_proj,lm_head",False,results/high_ir/ir1_bitsm1_wnoise0_identity.json
hadamard_D,1,1.0,-1,0.0,analog_rotated,,,2.621693393215537,13.75900327147586,8128,13.684835003821114,13.695914786079236,13.75900327147586,0.9954147488628471,ir_drop_only+grid_overrides,"q_proj,k_proj,v_proj,o_proj,up_proj,gate_proj,down_proj,lm_head",False,results/high_ir/ir1_bitsm1_wnoise0_seed1.json
checkpoint,,1.0,-1,0.0,analog_rotated,checkpoints/large_ir_8_bit.pt,ckpt0_large_ir_8_bit,2.6168147996068,13.692042156895786,8128,13.684835003821114,13.695914786079236,13.692042156895786,1.0002828379535407,ir_drop_only+grid_overrides,"q_proj,k_proj,v_proj,o_proj,up_proj,gate_proj,down_proj,lm_head",False,results/high_ir/ir1_bitsm1_wnoise0_ckpt0_large_ir_8_bit.json
identity,,1.0,10,0.0,analog_identity,,,2.6267278622835875,13.82844720785173,8128,13.684835003821114,13.82844720785173,,,ir_drop_only+grid_overrides,"q_proj,k_proj,v_proj,o_proj,up_proj,gate_proj,down_proj,lm_head",False,results/high_ir/ir1_bits10_wnoise0_identity.json
hadamard_D,1,1.0,10,0.0,analog_rotated,,,2.625498965382576,13.811463909430929,8128,13.684835003821114,13.82844720785173,13.811463909430929,1.0012296523042141,ir_drop_only+grid_overrides,"q_proj,k_proj,v_proj,o_proj,up_proj,gate_proj,down_proj,lm_head",False,results/high_ir/ir1_bits10_wnoise0_seed1.json
checkpoint,,1.0,10,0.0,analog_rotated,checkpoints/large_ir_8_bit.pt,ckpt0_large_ir_8_bit,2.6253986302763224,13.81007820425066,8128,13.684835003821114,13.82844720785173,13.81007820425066,1.001330115827687,ir_drop_only+grid_overrides,"q_proj,k_proj,v_proj,o_proj,up_proj,gate_proj,down_proj,lm_head",False,results/high_ir/ir1_bits10_wnoise0_ckpt0_large_ir_8_bit.json
identity,,1.0,8,0.0,analog_identity,,,3.0180439725518227,20.45124932994903,8128,13.684835003821114,20.45124932994903,,,ir_drop_only+grid_overrides,"q_proj,k_proj,v_proj,o_proj,up_proj,gate_proj,down_proj,lm_head",False,results/high_ir/ir1_bits8_wnoise0_identity.json
hadamard_D,1,1.0,8,0.0,analog_rotated,,,2.6320993807166815,13.902926822159099,8128,13.684835003821114,20.45124932994903,13.902926822159099,1.4710031629709022,ir_drop_only+grid_overrides,"q_proj,k_proj,v_proj,o_proj,up_proj,gate_proj,down_proj,lm_head",False,results/high_ir/ir1_bits8_wnoise0_seed1.json
checkpoint,,1.0,8,0.0,analog_rotated,checkpoints/large_ir_8_bit.pt,ckpt0_large_ir_8_bit,2.65539662912488,14.230629222150045,8128,13.684835003821114,20.45124932994903,14.230629222150045,1.4371289568922616,ir_drop_only+grid_overrides,"q_proj,k_proj,v_proj,o_proj,up_proj,gate_proj,down_proj,lm_head",False,results/high_ir/ir1_bits8_wnoise0_ckpt0_large_ir_8_bit.json
identity,,1.0,6,0.0,analog_identity,,,3.1104776300489902,22.431755923150735,8128,13.684835003821114,22.431755923150735,,,ir_drop_only+grid_overrides,"q_proj,k_proj,v_proj,o_proj,up_proj,gate_proj,down_proj,lm_head",False,results/high_ir/ir1_bits6_wnoise0_identity.json
hadamard_D,1,1.0,6,0.0,analog_rotated,,,2.7025165520608425,14.917224500884299,8128,13.684835003821114,22.431755923150735,14.917224500884299,1.5037486311090225,ir_drop_only+grid_overrides,"q_proj,k_proj,v_proj,o_proj,up_proj,gate_proj,down_proj,lm_head",False,results/high_ir/ir1_bits6_wnoise0_seed1.json
checkpoint,,1.0,6,0.0,analog_rotated,checkpoints/large_ir_8_bit.pt,ckpt0_large_ir_8_bit,4.414244968444109,82.6194370685228,8128,13.684835003821114,22.431755923150735,82.6194370685228,0.27150700511970705,ir_drop_only+grid_overrides,"q_proj,k_proj,v_proj,o_proj,up_proj,gate_proj,down_proj,lm_head",False,results/high_ir/ir1_bits6_wnoise0_ckpt0_large_ir_8_bit.json
identity,,5.0,-1,0.0,analog_identity,,,2.6245554219931364,13.798438340022017,8128,13.684835003821114,13.798438340022017,,,ir_drop_only+grid_overrides,"q_proj,k_proj,v_proj,o_proj,up_proj,gate_proj,down_proj,lm_head",False,results/high_ir/ir5_bitsm1_wnoise0_identity.json
hadamard_D,1,5.0,-1,0.0,analog_rotated,,,2.6718976851552725,14.46739772511063,8128,13.684835003821114,13.798438340022017,14.46739772511063,0.9537609044971841,ir_drop_only+grid_overrides,"q_proj,k_proj,v_proj,o_proj,up_proj,gate_proj,down_proj,lm_head",False,results/high_ir/ir5_bitsm1_wnoise0_seed1.json
checkpoint,,5.0,-1,0.0,analog_rotated,checkpoints/large_ir_8_bit.pt,ckpt0_large_ir_8_bit,2.623806329444051,13.788105903131395,8128,13.684835003821114,13.798438340022017,13.788105903131395,1.0007493731889798,ir_drop_only+grid_overrides,"q_proj,k_proj,v_proj,o_proj,up_proj,gate_proj,down_proj,lm_head",False,results/high_ir/ir5_bitsm1_wnoise0_ckpt0_large_ir_8_bit.json
identity,,5.0,10,0.0,analog_identity,,,2.6338087432086468,13.926712286996557,8128,13.684835003821114,13.926712286996557,,,ir_drop_only+grid_overrides,"q_proj,k_proj,v_proj,o_proj,up_proj,gate_proj,down_proj,lm_head",False,results/high_ir/ir5_bits10_wnoise0_identity.json
hadamard_D,1,5.0,10,0.0,analog_rotated,,,2.677163265645504,14.543777888787803,8128,13.684835003821114,13.926712286996557,14.543777888787803,0.9575718491777189,ir_drop_only+grid_overrides,"q_proj,k_proj,v_proj,o_proj,up_proj,gate_proj,down_proj,lm_head",False,results/high_ir/ir5_bits10_wnoise0_seed1.json
checkpoint,,5.0,10,0.0,analog_rotated,checkpoints/large_ir_8_bit.pt,ckpt0_large_ir_8_bit,2.6342544574290514,13.932921004260356,8128,13.684835003821114,13.926712286996557,13.932921004260356,0.9995543850954225,ir_drop_only+grid_overrides,"q_proj,k_proj,v_proj,o_proj,up_proj,gate_proj,down_proj,lm_head",False,results/high_ir/ir5_bits10_wnoise0_ckpt0_large_ir_8_bit.json
identity,,5.0,8,0.0,analog_identity,,,3.0514466650784016,21.14591336011103,8128,13.684835003821114,21.14591336011103,,,ir_drop_only+grid_overrides,"q_proj,k_proj,v_proj,o_proj,up_proj,gate_proj,down_proj,lm_head",False,results/high_ir/ir5_bits8_wnoise0_identity.json
hadamard_D,1,5.0,8,0.0,analog_rotated,,,2.6832108944654465,14.631999756770538,8128,13.684835003821114,21.14591336011103,14.631999756770538,1.4451827304279694,ir_drop_only+grid_overrides,"q_proj,k_proj,v_proj,o_proj,up_proj,gate_proj,down_proj,lm_head",False,results/high_ir/ir5_bits8_wnoise0_seed1.json
checkpoint,,5.0,8,0.0,analog_rotated,checkpoints/large_ir_8_bit.pt,ckpt0_large_ir_8_bit,2.6589498911052942,14.28128431803945,8128,13.684835003821114,21.14591336011103,14.28128431803945,1.4806730885821313,ir_drop_only+grid_overrides,"q_proj,k_proj,v_proj,o_proj,up_proj,gate_proj,down_proj,lm_head",False,results/high_ir/ir5_bits8_wnoise0_ckpt0_large_ir_8_bit.json
identity,,5.0,6,0.0,analog_identity,,,3.0611914470791817,21.35298296145315,8128,13.684835003821114,21.35298296145315,,,ir_drop_only+grid_overrides,"q_proj,k_proj,v_proj,o_proj,up_proj,gate_proj,down_proj,lm_head",False,results/high_ir/ir5_bits6_wnoise0_identity.json
hadamard_D,1,5.0,6,0.0,analog_rotated,,,2.7629940547049046,15.847219430875064,8128,13.684835003821114,21.35298296145315,15.847219430875064,1.347427733590363,ir_drop_only+grid_overrides,"q_proj,k_proj,v_proj,o_proj,up_proj,gate_proj,down_proj,lm_head",False,results/high_ir/ir5_bits6_wnoise0_seed1.json
checkpoint,,5.0,6,0.0,analog_rotated,checkpoints/large_ir_8_bit.pt,ckpt0_large_ir_8_bit,4.397469792515039,81.2450415698517,8128,13.684835003821114,21.35298296145315,81.2450415698517,0.262821983334141,ir_drop_only+grid_overrides,"q_proj,k_proj,v_proj,o_proj,up_proj,gate_proj,down_proj,lm_head",False,results/high_ir/ir5_bits6_wnoise0_ckpt0_large_ir_8_bit.json
identity,,10.0,-1,0.0,analog_identity,,,2.645124262198806,14.085195231713605,8128,13.684835003821114,14.085195231713605,,,ir_drop_only+grid_overrides,"q_proj,k_proj,v_proj,o_proj,up_proj,gate_proj,down_proj,lm_head",False,results/high_ir/ir10_bitsm1_wnoise0_identity.json
hadamard_D,1,10.0,-1,0.0,analog_rotated,,,2.801720727235079,16.472967882132867,8128,13.684835003821114,14.085195231713605,16.472967882132867,0.8550490313886231,ir_drop_only+grid_overrides,"q_proj,k_proj,v_proj,o_proj,up_proj,gate_proj,down_proj,lm_head",False,results/high_ir/ir10_bitsm1_wnoise0_seed1.json
checkpoint,,10.0,-1,0.0,analog_rotated,checkpoints/large_ir_8_bit.pt,ckpt0_large_ir_8_bit,2.6453982554376125,14.089055008726623,8128,13.684835003821114,14.085195231713605,14.089055008726623,0.9997260442939128,ir_drop_only+grid_overrides,"q_proj,k_proj,v_proj,o_proj,up_proj,gate_proj,down_proj,lm_head",False,results/high_ir/ir10_bitsm1_wnoise0_ckpt0_large_ir_8_bit.json
identity,,10.0,10,0.0,analog_identity,,,2.6579410564154387,14.266884127930696,8128,13.684835003821114,14.266884127930696,,,ir_drop_only+grid_overrides,"q_proj,k_proj,v_proj,o_proj,up_proj,gate_proj,down_proj,lm_head",False,results/high_ir/ir10_bits10_wnoise0_identity.json
hadamard_D,1,10.0,10,0.0,analog_rotated,,,2.8005768693983555,16.454135921323104,8128,13.684835003821114,14.266884127930696,16.454135921323104,0.8670697869611055,ir_drop_only+grid_overrides,"q_proj,k_proj,v_proj,o_proj,up_proj,gate_proj,down_proj,lm_head",False,results/high_ir/ir10_bits10_wnoise0_seed1.json
checkpoint,,10.0,10,0.0,analog_rotated,checkpoints/large_ir_8_bit.pt,ckpt0_large_ir_8_bit,2.6516045425087214,14.176767631988572,8128,13.684835003821114,14.266884127930696,14.176767631988572,1.0063566320815462,ir_drop_only+grid_overrides,"q_proj,k_proj,v_proj,o_proj,up_proj,gate_proj,down_proj,lm_head",False,results/high_ir/ir10_bits10_wnoise0_ckpt0_large_ir_8_bit.json
identity,,10.0,8,0.0,analog_identity,,,3.0774242021143436,21.702429267989572,8128,13.684835003821114,21.702429267989572,,,ir_drop_only+grid_overrides,"q_proj,k_proj,v_proj,o_proj,up_proj,gate_proj,down_proj,lm_head",False,results/high_ir/ir10_bits8_wnoise0_identity.json
hadamard_D,1,10.0,8,0.0,analog_rotated,,,2.8079309798777103,16.57558749149228,8128,13.684835003821114,21.702429267989572,16.57558749149228,1.309300758065362,ir_drop_only+grid_overrides,"q_proj,k_proj,v_proj,o_proj,up_proj,gate_proj,down_proj,lm_head",False,results/high_ir/ir10_bits8_wnoise0_seed1.json
checkpoint,,10.0,8,0.0,analog_rotated,checkpoints/large_ir_8_bit.pt,ckpt0_large_ir_8_bit,2.6839413922280073,14.642692304820377,8128,13.684835003821114,21.702429267989572,14.642692304820377,1.482133805464527,ir_drop_only+grid_overrides,"q_proj,k_proj,v_proj,o_proj,up_proj,gate_proj,down_proj,lm_head",False,results/high_ir/ir10_bits8_wnoise0_ckpt0_large_ir_8_bit.json
identity,,10.0,6,0.0,analog_identity,,,3.0642650350928307,21.41871419756224,8128,13.684835003821114,21.41871419756224,,,ir_drop_only+grid_overrides,"q_proj,k_proj,v_proj,o_proj,up_proj,gate_proj,down_proj,lm_head",False,results/high_ir/ir10_bits6_wnoise0_identity.json
hadamard_D,1,10.0,6,0.0,analog_rotated,,,2.8913787491619587,18.01813497213111,8128,13.684835003821114,21.41871419756224,18.01813497213111,1.1887309219678315,ir_drop_only+grid_overrides,"q_proj,k_proj,v_proj,o_proj,up_proj,gate_proj,down_proj,lm_head",False,results/high_ir/ir10_bits6_wnoise0_seed1.json
checkpoint,,10.0,6,0.0,analog_rotated,checkpoints/large_ir_8_bit.pt,ckpt0_large_ir_8_bit,4.351963400840759,77.63073363981731,8128,13.684835003821114,21.41871419756224,77.63073363981731,0.27590508543869335,ir_drop_only+grid_overrides,"q_proj,k_proj,v_proj,o_proj,up_proj,gate_proj,down_proj,lm_head",False,results/high_ir/ir10_bits6_wnoise0_ckpt0_large_ir_8_bit.json
identity,,20.0,-1,0.0,analog_identity,,,2.7396140396595,15.48100888766279,8128,13.684835003821114,15.48100888766279,,,ir_drop_only+grid_overrides,"q_proj,k_proj,v_proj,o_proj,up_proj,gate_proj,down_proj,lm_head",False,results/high_ir/ir20_bitsm1_wnoise0_identity.json
hadamard_D,1,20.0,-1,0.0,analog_rotated,,,3.9177911318838596,50.289239706439496,8128,13.684835003821114,15.48100888766279,50.289239706439496,0.30783939025589324,ir_drop_only+grid_overrides,"q_proj,k_proj,v_proj,o_proj,up_proj,gate_proj,down_proj,lm_head",False,results/high_ir/ir20_bitsm1_wnoise0_seed1.json
checkpoint,,20.0,-1,0.0,analog_rotated,checkpoints/large_ir_8_bit.pt,ckpt0_large_ir_8_bit,2.7468820437788963,15.593934799930171,8128,13.684835003821114,15.48100888766279,15.593934799930171,0.9927583439512723,ir_drop_only+grid_overrides,"q_proj,k_proj,v_proj,o_proj,up_proj,gate_proj,down_proj,lm_head",False,results/high_ir/ir20_bitsm1_wnoise0_ckpt0_large_ir_8_bit.json
identity,,20.0,10,0.0,analog_identity,,,2.749294053763151,15.631592923989771,8128,13.684835003821114,15.631592923989771,,,ir_drop_only+grid_overrides,"q_proj,k_proj,v_proj,o_proj,up_proj,gate_proj,down_proj,lm_head",False,results/high_ir/ir20_bits10_wnoise0_identity.json
hadamard_D,1,20.0,10,0.0,analog_rotated,,,3.891805298626423,48.99926503078611,8128,13.684835003821114,15.631592923989771,48.99926503078611,0.31901688554243585,ir_drop_only+grid_overrides,"q_proj,k_proj,v_proj,o_proj,up_proj,gate_proj,down_proj,lm_head",False,results/high_ir/ir20_bits10_wnoise0_seed1.json
checkpoint,,20.0,10,0.0,analog_rotated,checkpoints/large_ir_8_bit.pt,ckpt0_large_ir_8_bit,2.751982644200325,15.673676422538776,8128,13.684835003821114,15.631592923989771,15.673676422538776,0.997315020585184,ir_drop_only+grid_overrides,"q_proj,k_proj,v_proj,o_proj,up_proj,gate_proj,down_proj,lm_head",False,results/high_ir/ir20_bits10_wnoise0_ckpt0_large_ir_8_bit.json
identity,,20.0,8,0.0,analog_identity,,,3.06460228189826,21.42593880867181,8128,13.684835003821114,21.42593880867181,,,ir_drop_only+grid_overrides,"q_proj,k_proj,v_proj,o_proj,up_proj,gate_proj,down_proj,lm_head",False,results/high_ir/ir20_bits8_wnoise0_identity.json
hadamard_D,1,20.0,8,0.0,analog_rotated,,,3.881015993654728,48.47343876784026,8128,13.684835003821114,21.42593880867181,48.47343876784026,0.4420140050572782,ir_drop_only+grid_overrides,"q_proj,k_proj,v_proj,o_proj,up_proj,gate_proj,down_proj,lm_head",False,results/high_ir/ir20_bits8_wnoise0_seed1.json
checkpoint,,20.0,8,0.0,analog_rotated,checkpoints/large_ir_8_bit.pt,ckpt0_large_ir_8_bit,2.781805146485567,16.148144420201014,8128,13.684835003821114,21.42593880867181,16.148144420201014,1.3268359664822156,ir_drop_only+grid_overrides,"q_proj,k_proj,v_proj,o_proj,up_proj,gate_proj,down_proj,lm_head",False,results/high_ir/ir20_bits8_wnoise0_ckpt0_large_ir_8_bit.json
identity,,20.0,6,0.0,analog_identity,,,3.352528113871813,28.57488296249575,8128,13.684835003821114,28.57488296249575,,,ir_drop_only+grid_overrides,"q_proj,k_proj,v_proj,o_proj,up_proj,gate_proj,down_proj,lm_head",False,results/high_ir/ir20_bits6_wnoise0_identity.json
hadamard_D,1,20.0,6,0.0,analog_rotated,,,3.9038705453276634,49.59403405402462,8128,13.684835003821114,28.57488296249575,49.59403405402462,0.5761758144410691,ir_drop_only+grid_overrides,"q_proj,k_proj,v_proj,o_proj,up_proj,gate_proj,down_proj,lm_head",False,results/high_ir/ir20_bits6_wnoise0_seed1.json
checkpoint,,20.0,6,0.0,analog_rotated,checkpoints/large_ir_8_bit.pt,ckpt0_large_ir_8_bit,4.186086088418961,65.76488862694966,8128,13.684835003821114,28.57488296249575,65.76488862694966,0.4345005908028879,ir_drop_only+grid_overrides,"q_proj,k_proj,v_proj,o_proj,up_proj,gate_proj,down_proj,lm_head",False,results/high_ir/ir20_bits6_wnoise0_ckpt0_large_ir_8_bit.json
identity,,50.0,-1,0.0,analog_identity,,,4.428897447884083,83.83892914462251,8128,13.684835003821114,83.83892914462251,,,ir_drop_only+grid_overrides,"q_proj,k_proj,v_proj,o_proj,up_proj,gate_proj,down_proj,lm_head",False,results/high_ir/ir50_bitsm1_wnoise0_identity.json
hadamard_D,1,50.0,-1,0.0,analog_rotated,,,14.744361579418182,2531598.7532756473,8128,13.684835003821114,83.83892914462251,2531598.7532756473,3.3116989426599665e-05,ir_drop_only+grid_overrides,"q_proj,k_proj,v_proj,o_proj,up_proj,gate_proj,down_proj,lm_head",False,results/high_ir/ir50_bitsm1_wnoise0_seed1.json
checkpoint,,50.0,-1,0.0,analog_rotated,checkpoints/large_ir_8_bit.pt,ckpt0_large_ir_8_bit,4.7601116970181465,116.75896679909485,8128,13.684835003821114,83.83892914462251,116.75896679909485,0.7180513106876213,ir_drop_only+grid_overrides,"q_proj,k_proj,v_proj,o_proj,up_proj,gate_proj,down_proj,lm_head",False,results/high_ir/ir50_bitsm1_wnoise0_ckpt0_large_ir_8_bit.json
identity,,50.0,10,0.0,analog_identity,,,4.486203420907259,88.78373074727686,8128,13.684835003821114,88.78373074727686,,,ir_drop_only+grid_overrides,"q_proj,k_proj,v_proj,o_proj,up_proj,gate_proj,down_proj,lm_head",False,results/high_ir/ir50_bits10_wnoise0_identity.json
hadamard_D,1,50.0,10,0.0,analog_rotated,,,14.749024510383606,2543430.9885033984,8128,13.684835003821114,88.78373074727686,2543430.9885033984,3.4907072827448265e-05,ir_drop_only+grid_overrides,"q_proj,k_proj,v_proj,o_proj,up_proj,gate_proj,down_proj,lm_head",False,results/high_ir/ir50_bits10_wnoise0_seed1.json
checkpoint,,50.0,10,0.0,analog_rotated,checkpoints/large_ir_8_bit.pt,ckpt0_large_ir_8_bit,4.779861371964216,119.08783998711871,8128,13.684835003821114,88.78373074727686,119.08783998711871,0.7455314560821682,ir_drop_only+grid_overrides,"q_proj,k_proj,v_proj,o_proj,up_proj,gate_proj,down_proj,lm_head",False,results/high_ir/ir50_bits10_wnoise0_ckpt0_large_ir_8_bit.json
identity,,50.0,8,0.0,analog_identity,,,4.6435928381979465,103.91703477194116,8128,13.684835003821114,103.91703477194116,,,ir_drop_only+grid_overrides,"q_proj,k_proj,v_proj,o_proj,up_proj,gate_proj,down_proj,lm_head",False,results/high_ir/ir50_bits8_wnoise0_identity.json
hadamard_D,1,50.0,8,0.0,analog_rotated,,,14.652226388454437,2308772.1132183955,8128,13.684835003821114,103.91703477194116,2308772.1132183955,4.500965434266368e-05,ir_drop_only+grid_overrides,"q_proj,k_proj,v_proj,o_proj,up_proj,gate_proj,down_proj,lm_head",False,results/high_ir/ir50_bits8_wnoise0_seed1.json
checkpoint,,50.0,8,0.0,analog_rotated,checkpoints/large_ir_8_bit.pt,ckpt0_large_ir_8_bit,4.994816269725561,147.64581588502168,8128,13.684835003821114,103.91703477194116,147.64581588502168,0.7038264792607868,ir_drop_only+grid_overrides,"q_proj,k_proj,v_proj,o_proj,up_proj,gate_proj,down_proj,lm_head",False,results/high_ir/ir50_bits8_wnoise0_ckpt0_large_ir_8_bit.json
identity,,50.0,6,0.0,analog_identity,,,4.660052549093962,105.64163338292117,8128,13.684835003821114,105.64163338292117,,,ir_drop_only+grid_overrides,"q_proj,k_proj,v_proj,o_proj,up_proj,gate_proj,down_proj,lm_head",False,results/high_ir/ir50_bits6_wnoise0_identity.json
hadamard_D,1,50.0,6,0.0,analog_rotated,,,14.4623092263937,1909418.352950067,8128,13.684835003821114,105.64163338292117,1909418.352950067,5.53266041565506e-05,ir_drop_only+grid_overrides,"q_proj,k_proj,v_proj,o_proj,up_proj,gate_proj,down_proj,lm_head",False,results/high_ir/ir50_bits6_wnoise0_seed1.json
checkpoint,,50.0,6,0.0,analog_rotated,checkpoints/large_ir_8_bit.pt,ckpt0_large_ir_8_bit,7.030610829591751,1130.7210771800244,8128,13.684835003821114,105.64163338292117,1130.7210771800244,0.09342855237684912,ir_drop_only+grid_overrides,"q_proj,k_proj,v_proj,o_proj,up_proj,gate_proj,down_proj,lm_head",False,results/high_ir/ir50_bits6_wnoise0_ckpt0_large_ir_8_bit.json
